/** * 회원등록 */insert  into `member`(`member_seq`,`member_id`,`member_name`,`member_dft_addr`,`member_dtl_addr`,`member_zipcode`,`member_regdate`,`member_pwd`) values (1,'Honda','혼다','서울특별시 영등포구 여의도동','3','12345','2017-04-24 11:23:16','1234'),(2,'Tom','톰','서울특별시 영등포구 여의도동','13','12345','2017-04-24 11:23:16','1234'),(3,'John','존','서울특별시 영등포구 여의도동','18','12345','2017-04-24 11:23:16','1234'),(4,'Mina','미나','서울특별시 영등포구 여의도동','37','12345','2017-04-24 11:23:16','1234'),(5,'Kevin','케빈','서울특별시 영등포구 여의도동','4','12345','2017-04-24 11:23:16','1234'),(6,'Jane','제인','서울특별시 영등포구 여의도동','5','12345','2017-04-24 11:23:16','1234'),(7,'Michael','마이클','서울특별시 영등포구 여의도동','6','12345','2017-04-24 11:23:16','1234'),(8,'one','일','경기도 성남시 분당구 판교역로','160','12345','2017-04-24 11:28:19','1234'),(9,'two','이','경기도 성남시 분당구 삼평동','산25-2','12345','2017-04-24 11:28:19','1234'),(10,'three','삼','경기도 성남시 분당구 동판교로177번길','17','12345','2017-04-24 11:28:19','1234'),(11,'four','사','경기도 성남시 분당구 동판교로','154','12345','2017-04-24 11:28:19','1234'),(12,'five','오','경기도 성남시 분당구 백현동','544','12345','2017-04-24 11:28:19','1234'),(13,'six','육','경기도 성남시 분당구 동판교로','212','12345','2017-04-24 11:28:19','1234'),(14,'seven','칠','경기도 성남시 분당구 삼평동','726','12345','2017-04-24 11:28:19','1234'),(15,'eight','팔','경기도 성남시 분당구 삼평동','694','12345','2017-04-24 11:28:19','1234'),(16,'nine','구','경기도 성남시 분당구 판교로 ','305','12345','2017-04-24 11:28:19','1234'),(17,'ten','십','경기도 성남시 분당구 삼평동','6','12345','2017-04-24 11:28:19','1234'),(18,'one','일','경기도 성남시 분당구 판교역로','160','12345','2017-04-24 11:28:28','1234'),(19,'two','이','경기도 성남시 분당구 삼평동','산25-2','12345','2017-04-24 11:28:28','1234'),(20,'three','삼','경기도 성남시 분당구 동판교로177번길','17','12345','2017-04-24 11:28:28','1234'),(21,'four','사','경기도 성남시 분당구 동판교로','154','12345','2017-04-24 11:28:28','1234'),(22,'five','오','경기도 성남시 분당구 백현동','544','12345','2017-04-24 11:28:28','1234'),(23,'six','육','경기도 성남시 분당구 동판교로','212','12345','2017-04-24 11:28:28','1234'),(24,'seven','칠','경기도 성남시 분당구 삼평동','726','12345','2017-04-24 11:28:28','1234'),(25,'eight','팔','경기도 성남시 분당구 삼평동','694','12345','2017-04-24 11:28:28','1234'),(26,'nine','구','경기도 성남시 분당구 판교로 ','305','12345','2017-04-24 11:28:28','1234'),(27,'ten','십','경기도 성남시 분당구 삼평동','6','12345','2017-04-24 11:28:28','1234');/** * 상품등록 */insert  into `item`(`item_seq`,`item_name`,`item_price`,`item_amount`,`item_regdate`) values (1,'연필',500,1000,'2017-04-25 13:48:10'),(2,'모나미',300,10,'2017-04-25 13:48:10'),(3,'샤프',2000,200,'2017-04-25 13:48:10'),(4,'지우개',800,300,'2017-04-25 13:48:10'),(5,'볼펜',1500,600,'2017-04-25 13:48:10'),(6,'A4용지',2000,5000,'2017-04-25 13:48:10');/** * 주문등록 * I : 주문완료 * C : 주문취소 */insert  into `orders`(`order_seq`,`order_regdate`,`member_seq`,`order_status`) values (1,'2017-04-25 13:51:28',1,'I'),(2,'2017-04-25 13:51:28',2,'I'),(3,'2017-04-25 13:51:28',3,'C'),(4,'2017-04-25 13:51:28',25,'I'),(5,'2017-04-25 13:51:28',27,'C');/** * 배송정보 등록 * I : '배송중' * E : '배송완료' */insert  into `delivery`(`delivery_seq`,`delivery_status`,`delivery_name`,`delivery_dft_addr`,`delivery_dtl_addr`,`delivery_zipcode`,`order_seq`) values (1,'I','홍길동','서울특별시 동작구 상도1동','702-1','67434',1),(2,'I','김유신','서울특별시 동작구 흑석동','339','67434',2),(3,'E','김강우','서울특별시 동작구 상도동','421','67434',4);/** * 주문_상품등록 */insert  into `orderitem`(`order_seq`,`item_seq`,`order_item_seq`,`order_count`,`order_total_price`) values (1,1,1,2,1000),(2,3,2,10,20000),(3,5,3,6,12000),(4,5,4,7,10500),(5,4,5,8,6400);